date,account,num,slug,type,media_id,posted_at_et,sources
2026-10-01,applied_stoic,001,lost-your-job,carousel,18129964567737203,11:37,https://classics.mit.edu/Epictetus/epicench.html
2026-10-01,dollartrail,001,gallon-of-gas,carousel,17957638023253563,11:37,https://www.eia.gov/energyexplained/gasoline/factors-affecting-gasoline-prices.php
2026-10-01,applied_stoic,002,angry-text,carousel,17945930766325073,14:00,https://archive.org/details/moralessayswithe01seneuoft
2026-10-01,dollartrail,002,federal-spending,carousel,18063813305786887,14:00,https://www.cbo.gov/publication/61307
2026-10-01,applied_stoic,003,fake-quotes,carousel,18126298082490813,17:00,https://www.politifact.com/factchecks/2019/sep/26/viral-image/no-marcus-aurelius-didnt-say-about-opinions-and-fa/
2026-10-01,dollartrail,003,food-dollar,carousel,18163720588425416,17:00,https://ers.usda.gov/data-products/food-dollar/summary-findings
2026-10-01,applied_stoic,004,difficult-people,carousel,18130626064839272,20:00,https://classics.mit.edu/Antoninus/meditations.2.two.html
2026-10-01,dollartrail,004,electric-bill,carousel,18138418750722287,20:00,https://www.eia.gov/energyexplained/electricity/prices-and-factors-affecting-prices.php
2026-10-03,applied_stoic,005,zenos-shipwreck,carousel,18129453730831910,11:25,https://penelope.uchicago.edu/Thayer/E/Roman/Texts/Diogenes_Laertius/Lives_of_the_Eminent_Philosophers/7/Zeno*.html
2026-10-03,dollartrail,005,netflix-plan,carousel,17901431043606475,11:48,https://www.sec.gov/Archives/edgar/data/1065280/000106528026000033/ex991_q425.htm https://help.netflix.com/en/node/24926
2026-10-03,dollartrail,006,five-dollar-latte,carousel,17919125097448468,16:39,https://www.sec.gov/Archives/edgar/data/829224/000082922425000074/sbux-09282025xexhibit991.htm
2026-10-03,applied_stoic,006,sunday-dread,carousel,17987033109117937,19:54,https://monadnock.net/seneca/13.html
